u'Date', u'Time\nET', u'Statistic', u'For', u'Actual', u'Briefing Forecast', u'Market Expects', u'Prior', u'Revised\nFrom'
u'Jan 2', u'8:30 AM', u'Initial Claims', u'12/28', u'339K', u'340K', u'333K', u'341K', u'338K'
u'Jan 2', u'8:30 AM', u'Continuing Claims', u'12/21', u'2833K', u'2875K', u'2875K', u'2931K', u'2923K'
u'Jan 2', u'10:00 AM', u'Construction Spending', u'Nov', u'1.0%', u'0.5%', u'0.8%', u'0.9%', u'0.8%'
u'Jan 2', u'10:00 AM', u'ISM Index', u'Dec', u'57.0', u'56.7', u'56.9', u'57.3', u'--'
u'Jan 2', u'10:30 AM', u'Natural Gas Inventories', u'12/28', u'-', u'NA', u'NA', u'177 bcf', u'-'
u'Jan 3', u'10:30 AM', u'Natural Gas Inventories', u'12/28', u'-97 bcf', u'NA', u'NA', u'177 bcf', u'-'
u'Jan 3', u'11:00 AM', u'Crude Inventories', u'12/28', u'-7.007M', u'NA', u'NA', u'-4.731M', u'-'
u'Jan 3', u'2:00 PM', u'Auto Sales', u'Dec', u'-', u'NA', u'NA', u'5.7M', u'-'
u'Jan 3', u'2:00 PM', u'Truck Sales', u'Dec', u'-', u'NA', u'NA', u'7.1M', u'-'
u'Jan 6', u'10:00 AM', u'Factory Orders', u'Nov', u'1.8%', u'2.0%', u'1.7%', u'-0.5%', u'-0.9%'
u'Jan 6', u'10:00 AM', u'ISM Services', u'Dec', u'53.0', u'53.0', u'54.6', u'53.9', u'-'
u'Jan 7', u'8:30 AM', u'Trade Balance', u'Nov', u'-$34.3B', u'-$41.5B', u'-$40.4B', u'-$39.3B', u'-$40.6B'
u'Jan 8', u'7:00 AM', u'MBA Mortgage Index', u'01/04', u'2.6%', u'NA', u'NA', u'NA', u'-'
u'Jan 8', u'8:15 AM', u'ADP Employment Change', u'Dec', u'238K', u'185K', u'203K', u'229K', u'215K'
u'Jan 8', u'10:30 AM', u'Crude Inventories', u'01/04', u'-2.675M', u'NA', u'NA', u'-7.007M', u'-'
u'Jan 8', u'2:00 PM', u'FOMC Minutes', u'12/18', u'-', u'-', u'-', u'-', u'-'
u'Jan 8', u'3:00 PM', u'Consumer Credit', u'Nov', u'$12.3B', u'$15.0B', u'$15.2B', u'$17.9B', u'$18.2B'
u'Jan 9', u'7:30 AM', u'Challenger Job Cuts', u'Dec', u'-5.9%', u'NA', u'NA', u'-20.6%', u'-'
u'Jan 9', u'8:30 AM', u'Initial Claims', u'01/04', u'330K', u'340K', u'338K', u'345K', u'339K'
u'Jan 9', u'8:30 AM', u'Continuing Claims', u'12/28', u'2865K', u'2875K', u'2875K', u'2815K', u'2833K'
u'Jan 9', u'10:30 AM', u'Natural Gas Inventories', u'01/04', u'-157 bcf', u'NA', u'NA', u'-97 bcf', u'-'
u'Jan 10', u'8:30 AM', u'Nonfarm Payrolls', u'Dec', u'74K', u'185K', u'197K', u'241K', u'203K'
u'Jan 10', u'8:30 AM', u'Nonfarm Private Payrolls', u'Dec', u'87K', u'200K', u'198K', u'226K', u'196K'
u'Jan 10', u'8:30 AM', u'Unemployment Rate', u'Dec', u'6.7%', u'7.1%', u'7.0%', u'7.0%', u'-'
u'Jan 10', u'8:30 AM', u'Hourly Earnings', u'Dec', u'0.1%', u'0.2%', u'0.2%', u'0.2%', u'-'
u'Jan 10', u'8:30 AM', u'Average Workweek', u'Dec', u'34.4', u'34.5', u'34.5', u'34.5', u'-'
u'Jan 10', u'10:00 AM', u'Wholesale Inventories', u'Nov', u'0.5%', u'-0.2%', u'0.2%', u'1.3%', u'1.4%'
u'Jan 13', u'2:00 PM', u'Treasury Budget', u'Dec', u'$53.2 B', u'+$44.0B', u'+$44.0B', u'-$1.2B', u'-'
u'Jan 14', u'8:30 AM', u'Retail Sales', u'Dec', u'0.2%', u'-0.3%', u'0.0%', u'0.4%', u'0.7%'
u'Jan 14', u'8:30 AM', None, u'Dec', u'0.7%', u'-0.1%', u'0.4%', u'0.1%', u'0.4%'
u'Jan 14', u'8:30 AM', None, u'Dec', u'0.3%', u'NA', u'NA', u'0.1%', u'-'
u'Jan 14', u'8:30 AM', None, u'Dec', u'-0.1%', u'NA', u'NA', u'0.0%', u'-'
u'Jan 14', u'10:00 AM', u'Business Inventories', u'Nov', u'0.4%', u'0.2%', u'0.3%', u'0.8%', u'0.7%'
u'Jan 15', u'7:00 AM', u'MBA Mortgage Index', u'01/11', u'11.9%', u'NA', u'NA', u'2.6%', u'-'
u'Jan 15', u'8:30 AM', u'PPI', u'Dec', u'0.4%', u'0.2%', u'0.3%', u'-0.1%', u'-'
u'Jan 15', u'8:30 AM', None, u'Dec', u'0.3%', u'0.1%', u'0.1%', u'0.1%', u'-'
u'Jan 15', u'8:30 AM', u'Empire Manufacturing', u'Jan', u'12.5', u'4.0', u'3.5', u'2.2', u'1.0'
u'Jan 15', u'10:30 AM', u'Crude Inventories', u'01/11', u'-7.658M', u'NA', u'NA', u'-2.675M', u'-'
u'Jan 15', u'2:00 PM', u"Fed's Beige Book", u'Jan', u'-', u'-', u'-', u'-', u'-'
u'Jan 16', u'8:30 AM', u'Initial Claims', u'01/11', u'326K', u'335K', u'333K', u'328K', u'330K'
u'Jan 16', u'8:30 AM', u'Continuing Claims', u'01/04', u'3030K', u'2875K', u'2835K', u'2856K', u'2865K'
u'Jan 16', u'8:30 AM', u'CPI', u'Dec', u'0.3%', u'0.2%', u'0.3%', u'0.0%', u'-'
u'Jan 16', u'8:30 AM', None, u'Dec', u'0.1%', u'0.2%', u'0.2%', u'0.2%', u'-'
u'Jan 16', u'9:00 AM', u'Net Long-Term TIC Flows', u'Nov', u'-$29.3B', u'NA', u'NA', u'$28.7B', u'$35.4B'
u'Jan 16', u'10:00 AM', u'Philadelphia Fed', u'Jan', u'9.4', u'8.0', u'8.0', u'6.4', u'7.0'
u'Jan 16', u'10:00 AM', u'NAHB Housing Market Index', u'Jan', u'56', u'57', u'57', u'57', u'58'
u'Jan 16', u'10:30 AM', u'Natural Gas Inventories', u'01/11', u'-287 bcf', u'NA', u'NA', u'-157 bcf', u'-'
u'Jan 17', u'8:30 AM', u'Housing Starts', u'Dec', u'999K', u'945K', u'986K', u'1107K', u'1091K'
u'Jan 17', u'8:30 AM', u'Building Permits', u'Dec', u'986K', u'1000K', u'1000K', u'1017K', u'1007K'
u'Jan 17', u'9:15 AM', u'Industrial Production', u'Dec', u'0.3%', u'0.3%', u'0.3%', u'1.0%', u'1.1%'
u'Jan 17', u'9:15 AM', u'Capacity Utilization', u'Dec', u'79.2%', u'79.1%', u'79.1%', u'79.1%', u'79.0%'
u'Jan 17', u'9:55 AM', u'Mich Sentiment', u'Jan', u'80.4', u'81.5', u'83.0', u'82.5', u'-'
u'Jan 17', u'10:00 AM', u'JOLTS - Job Openings', u'Nov', u'4.001M', u'NA', u'NA', u'3.931M', u'3.925M'
u'Jan 22', u'7:00 AM', u'MBA Mortgage Index', u'01/18', u'4.7%', u'NA', u'NA', u'11.9%', u'-'
u'Jan 23', u'8:30 AM', u'Continuing Claims', u'01/11', u'-', u'NA', u'NA', u'3030K', u'-'
u'Jan 23', u'8:30 AM', u'Initial Claims', u'01/18', u'326K', u'330K', u'327K', u'325K', u'326K'
u'Jan 23', u'8:30 AM', u'Continuing Claims', u'01/11', u'3056K', u'2900K', u'2900K', u'3022K', u'3030K'
u'Jan 23', u'9:00 AM', u'FHFA Housing Price Index', u'Nov', u'0.1%', u'NA', u'NA', u'0.5%', u'-'
u'Jan 23', u'10:00 AM', u'Existing Home Sales', u'Dec', u'4.87M', u'4.87M', u'4.90M', u'4.83M', u'4.90M'
u'Jan 23', u'10:00 AM', u'Leading Indicators', u'Dec', u'0.1%', u'0.1%', u'0.2%', u'1.0%', u'0.8%'
u'Jan 23', u'10:30 AM', u'Natural Gas Inventories', u'01/18', u'-107 bcf', u'NA', u'NA', u'-287 bcf', u'-'
u'Jan 23', u'11:00 AM', u'Crude Inventories', u'01/18', u'0.990M', u'NA', u'NA', u'-7.658M', u'-'
u'Jan 27', u'10:00 AM', u'New Home Sales', u'Dec', u'414K', u'440K', u'457K', u'445K', u'464K'
u'Jan 28', u'8:30 AM', u'Durable Orders', u'Dec', u'-4.3%', u'2.8%', u'2.1%', u'2.6%', u'3.4%'
u'Jan 28', u'8:30 AM', u'Durable Goods -ex transportation', u'Dec', u'-1.6%', u'0.7%', u'0.6%', u'0.1%', u'1.2%'
u'Jan 28', u'9:00 AM', u'Case-Shiller 20-city Index', u'Nov', u'13.7%', u'13.8%', u'13.8%', u'13.6%', u'-'
u'Jan 28', u'10:00 AM', u'Consumer Confidence', u'Jan', u'80.7', u'77.0', u'77.5', u'77.5', u'78.1'
u'Jan 29', u'7:00 AM', u'MBA Mortgage Index', u'01/25', u'-0.2%', u'NA', u'NA', u'4.7%', u'-'
u'Jan 29', u'10:30 AM', u'Crude Inventories', u'01/25', u'6.421M', u'NA', u'NA', u'0.990M', u'-'
u'Jan 29', u'2:00 PM', u'FOMC Rate Decision', u'Jan', u'0.25%', u'0.25%', u'0.25%', u'0.25%', u'-'
u'Jan 30', u'8:30 AM', u'Initial Claims', u'01/25', u'348K', u'330K', u'325K', u'329K', u'326K'
u'Jan 30', u'8:30 AM', u'Continuing Claims', u'01/18', u'2991K', u'3000K', u'3000K', u'3007K', u'3056K'
u'Jan 30', u'8:30 AM', None, u'Q4', u'3.2%', u'3.6%', u'3.0%', u'4.1%', u'-'
u'Jan 30', u'8:30 AM', u'Chain Deflator-Adv.', u'Q4', u'1.3%', u'1.7%', u'1.2%', u'2.0%', u'-'
u'Jan 30', u'10:00 AM', u'Pending Home Sales', u'Dec', u'-8.7%', u'0.0%', u'-0.2%', u'-0.3%', u'0.2%'
u'Jan 30', u'10:30 AM', u'Natural Gas Inventories', u'01/25', u'-230 bcf', u'NA', u'NA', u'-107 bcf', u'-'
u'Jan 31', u'8:30 AM', u'Personal Income', u'Dec', u'0.0%', u'0.0%', u'0.2%', u'0.2%', u'-'
u'Jan 31', u'8:30 AM', u'Personal Spending', u'Dec', u'0.4%', u'0.2%', u'0.2%', u'0.6%', u'0.5%'
u'Jan 31', u'8:30 AM', None, u'Dec', u'0.1%', u'0.2%', u'0.1%', u'0.1%', u'-'
u'Jan 31', u'8:30 AM', u'Employment Cost Index', u'Q4', u'0.5%', u'0.4%', u'0.4%', u'0.4%', u'-'
u'Jan 31', u'9:45 AM', u'Chicago PMI', u'Jan', u'59.6', u'57.0', u'58.0', u'60.8', u'59.1'
u'Jan 31', u'9:55 AM', None, u'Jan', u'81.2', u'80.0', u'80.4', u'80.4', u'-'
u'Feb 3', u'10:00 AM', u'ISM Index', u'Jan', u'51.3', u'57.0', u'56.0', u'56.5', u'57.0'
u'Feb 3', u'10:00 AM', u'Construction Spending', u'Dec', u'0.1%', u'-1.0%', u'0.1%', u'0.8%', u'1.0%'
u'Feb 3', u'2:00 PM', u'Auto Sales', u'Jan', u'-', u'NA', u'NA', u'5.3M', u'-'
u'Feb 3', u'2:00 PM', u'Truck Sales', u'Jan', u'-', u'NA', u'NA', u'6.6M', u'-'
u'Feb 4', u'10:00 AM', u'Factory Orders', u'Dec', u'-1.5%', u'-2.0%', u'-1.7%', u'1.5%', u'1.8%'
u'Feb 5', u'7:00 AM', u'MBA Mortgage Index', u'02/01', u'0.4%', u'NA', u'NA', u'-0.2%', u'-'
u'Feb 5', u'8:15 AM', u'ADP Employment Change', u'Jan', u'175K', u'175K', u'178K', u'227K', u'238K'
u'Feb 5', u'10:00 AM', u'ISM Services', u'Jan', u'54.0', u'53.5', u'53.8', u'53.0', u'-'
u'Feb 5', u'10:30 AM', u'Crude Inventories', u'02/01', u'0.440M', u'NA', u'NA', u'6.421M', u'-'
u'Feb 6', u'7:30 AM', u'Challenger Job Cuts', u'Jan', u'47.3%', u'NA', u'NA', u'-5.9%', u'-'
u'Feb 6', u'8:30 AM', u'Initial Claims', u'02/01', u'331K', u'330K', u'335K', u'351K', u'348K'
u'Feb 6', u'8:30 AM', u'Continuing Claims', u'01/25', u'2964K', u'3000K', u'2993K', u'2949K', u'2991K'
u'Feb 6', u'8:30 AM', u'Trade Balance', u'Dec', u'-$38.7B', u'-$37.0B', u'-$36.0B', u'-$34.6B', u'-$34.3B'
u'Feb 6', u'8:30 AM', None, u'Q4', u'3.2%', u'2.5%', u'2.4%', u'3.6%', u'3.0%'
u'Feb 6', u'8:30 AM', u'Unit Labor Costs', u'Q4', u'-1.6%', u'0.0%', u'-0.5%', u'-2.0%', u'-1.4%'
u'Feb 6', u'10:30 AM', u'Natural Gas Inventories', u'02/01', u'-262 bcf', u'NA', u'NA', u'-230 bcf', u'-'
u'Feb 7', u'8:30 AM', u'Nonfarm Payrolls', u'Jan', u'113K', u'150K', u'175K', u'75K', u'74K'
u'Feb 7', u'8:30 AM', u'Nonfarm Private Payrolls', u'Jan', u'142K', u'160K', u'161K', u'89K', u'87K'
u'Feb 7', u'8:30 AM', u'Unemployment Rate', u'Jan', u'6.6%', u'6.5%', u'6.7%', u'6.7%', u'-'
u'Feb 7', u'8:30 AM', u'Hourly Earnings', u'Jan', u'0.2%', u'0.2%', u'0.2%', u'0.0%', u'0.1%'
u'Feb 7', u'8:30 AM', u'Average Workweek', u'Jan', u'34.4', u'34.5', u'34.4', u'34.4', u'-'
u'Feb 7', u'3:00 PM', u'Consumer Credit', u'Dec', u'$18.8B', u'$10.0B', u'$11.5B', u'$12.4B', u'$12.3B'
u'Feb 11', u'10:00 AM', u'JOLTS - Job Openings', u'Dec', u'3.990M', u'NA', u'NA', u'4.033M', u'4.001M'
u'Feb 11', u'10:00 AM', u'Wholesale Inventories', u'Dec', u'0.3%', u'0.6%', u'0.6%', u'0.5%', u'-'
u'Feb 12', u'7:00 AM', u'MBA Mortgage Index', u'02/08', u'-2.0%', u'NA', u'NA', u'0.4%', u'-'
u'Feb 12', u'10:30 AM', u'Crude Inventories', u'02/08', u'3.267M', u'NA', u'NA', u'0.440M', u'-'
u'Feb 12', u'2:00 PM', u'Treasury Budget', u'Jan', u'-$10.4B', u'-$10.0B', u'-$10.0B', u'$2.9B', u'-'
u'Feb 13', u'8:30 AM', u'Initial Claims', u'02/08', u'339K', u'335K', u'335K', u'331K', u'-'
u'Feb 13', u'8:30 AM', u'Continuing Claims', u'02/01', u'2953K', u'2975K', u'2975K', u'2971K', u'2964K'
u'Feb 13', u'8:30 AM', u'Retail Sales', u'Jan', u'-0.4%', u'-0.2%', u'0.0%', u'-0.1%', u'0.2%'
u'Feb 13', u'8:30 AM', None, u'Jan', u'0.0%', u'0.2%', u'0.1%', u'0.3%', u'0.7%'
u'Feb 13', u'10:00 AM', u'Business Inventories', u'Dec', u'0.5%', u'0.6%', u'0.4%', u'0.4%', u'-'
u'Feb 13', u'10:30 AM', u'Natural Gas Inventories', u'02/08', u'-237 bcf', u'NA', u'NA', u'-262 bcf', u'-'
u'Feb 14', u'8:30 AM', None, u'Jan', u'0.2%', u'NA', u'NA', u'0.5%', u'0.3%'
u'Feb 14', u'8:30 AM', None, u'Jan', u'0.3%', u'NA', u'NA', u'-0.1%', u'-'
u'Feb 14', u'9:15 AM', u'Industrial Production', u'Jan', u'-0.3%', u'0.6%', u'0.3%', u'0.3%', u'-'
u'Feb 14', u'9:15 AM', u'Capacity Utilization', u'Jan', u'78.5%', u'79.8%', u'79.4%', u'78.9%', u'79.2'
u'Feb 14', u'9:55 AM', u'Mich Sentiment', u'Feb', u'81.2', u'79.5', u'80.2', u'81.2', u'-'
u'Feb 18', u'8:30 AM', u'Empire Manufacturing', u'Feb', u'4.5', u'10.0', u'7.5', u'12.5', u'-'
u'Feb 18', u'9:00 AM', u'Net Long-Term TIC Flows', u'Dec', u'-$45.9B', u'NA', u'NA', u'-$28.0B', u'-$29.3B'
u'Feb 18', u'10:00 AM', u'NAHB Housing Market Index', u'Feb', u'46', u'54', u'56', u'56', u'-'
u'Feb 19', u'7:00 AM', u'MBA Mortgage Index', u'02/15', u'-4.1%', u'NA', u'NA', u'-2.0%', u'-'
u'Feb 19', u'8:30 AM', u'Housing Starts', u'Jan', u'888K', u'925K', u'963K', u'1048K', u'999K'
u'Feb 19', u'8:30 AM', u'Building Permits', u'Jan', u'937K', u'975K', u'980K', u'991K', u'986K'
u'Feb 19', u'8:30 AM', u'PPI', u'Jan', u'0.2%', u'0.3%', u'0.2%', u'0.1%', u'0.4%'
u'Feb 19', u'8:30 AM', None, u'Jan', u'0.2%', u'0.2%', u'0.1%', u'0.2%', u'0.3%'
u'Feb 19', u'2:00 PM', u'FOMC Minutes', u'1/29', u'-', u'-', u'-', u'-', u'-'
u'Feb 20', u'8:30 AM', u'Initial Claims', u'02/15', u'336K', u'335K', u'335K', u'339K', u'-'
u'Feb 20', u'8:30 AM', u'Continuing Claims', u'02/08', u'2981K', u'2975K', u'2973K', u'2944K', u'2953K'
u'Feb 20', u'8:30 AM', u'CPI', u'Jan', u'0.1%', u'0.2%', u'0.2%', u'0.2%', u'0.3%'
u'Feb 20', u'8:30 AM', None, u'Jan', u'0.1%', u'0.2%', u'0.1%', u'0.1%', u'-'
u'Feb 20', u'10:00 AM', u'Philadelphia Fed', u'Feb', u'-6.3', u'8.0', u'7.4', u'9.4', u'-'
u'Feb 20', u'10:00 AM', u'Leading Indicators', u'Jan', u'0.3%', u'0.4%', u'0.4%', u'0.0%', u'0.1%'
u'Feb 20', u'10:30 AM', u'Natural Gas Inventories', u'02/15', u'-250 bcf', u'NA', u'NA', u'-237 bcf', u'-'
u'Feb 20', u'11:00 AM', u'Crude Inventories', u'02/15', u'0.973M', u'NA', u'NA', u'3.267M', u'-'
u'Feb 21', u'10:00 AM', u'Existing Home Sales', u'Jan', u'4.62M', u'4.75M', u'4.70M', u'4.87M', u'-'
u'Feb 25', u'9:00 AM', u'Case-Shiller 20-city Index', u'Dec', u'13.4%', u'12.0%', u'13.6%', u'13.7%', u'-'
u'Feb 25', u'9:00 AM', u'FHFA Housing Price Index', u'Dec', u'0.8%', u'NA', u'NA', u'-0.1%', u'0.1%'
u'Feb 25', u'10:00 AM', u'Consumer Confidence', u'Feb', u'78.1', u'81.0', u'80.8', u'79.4', u'80.7'
u'Feb 26', u'7:00 AM', u'MBA Mortgage Index', u'02/22', u'-8.5%', u'NA', u'NA', u'-4.1%', u'-'
u'Feb 26', u'10:00 AM', u'New Home Sales', u'Jan', u'468K', u'400K', u'400K', u'427K', u'414K'
u'Feb 26', u'10:30 AM', u'Crude Inventories', u'02/22', u'0.068M', u'NA', u'NA', u'0.973M', u'-'
u'Feb 27', u'8:30 AM', u'Initial Claims', u'02/22', u'348K', u'335K', u'335K', u'334K', u'336K'
u'Feb 27', u'8:30 AM', u'Continuing Claims', u'02/15', u'2964K', u'2975K', u'2975K', u'2956K', u'2981K'
u'Feb 27', u'8:30 AM', u'Durable Orders', u'Jan', u'-1.0%', u'-0.2%', u'-1.1%', u'-5.3%', u'-4.2%'
u'Feb 27', u'8:30 AM', u'Durable Goods -ex transportation', u'Jan', u'1.1%', u'-0.6%', u'-0.3%', u'-1.9%', u'-1.3%'
u'Feb 27', u'10:30 AM', u'Natural Gas Inventories', u'02/22', u'-95 bcf', u'NA', u'NA', u'-250 bcf', u'-'
u'Feb 28', u'8:30 AM', None, u'Q4', u'2.4%', u'2.4%', u'2.6%', u'3.2%', u'-'
u'Feb 28', u'8:30 AM', None, u'Q4', u'1.6%', u'1.3%', u'1.3%', u'1.3%', u'-'
u'Feb 28', u'9:45 AM', u'Chicago PMI', u'Feb', u'59.8', u'55.0', u'56.0', u'59.6', u'-'
u'Feb 28', u'9:55 AM', None, u'Feb', u'81.6', u'82.0', u'81.5', u'81.2', u'-'
u'Feb 28', u'10:00 AM', u'Pending Home Sales', u'Jan', u'0.1%', u'-1.0%', u'0.8', u'-5.8%', u'-8.7%'
u'Mar 3', u'8:30 AM', u'Personal Income', u'Jan', u'0.3%', u'0.2%', u'0.3%', u'0.0%', u'-'
u'Mar 3', u'8:30 AM', u'Personal Spending', u'Jan', u'0.4%', u'-0.1%', u'0.1%', u'0.1%', u'0.4%'
u'Mar 3', u'8:30 AM', None, u'Jan', u'0.1%', u'0.1%', u'0.1%', u'0.1%', u'-'
u'Mar 3', u'10:00 AM', u'ISM Index', u'Feb', u'53.2', u'51.0', u'51.6', u'51.3', u'-'
u'Mar 3', u'10:00 AM', u'Construction Spending', u'Jan', u'0.1%', u'-0.7%', u'-0.1%', u'1.5%', u'0.1%'
u'Mar 3', u'2:00 PM', u'Auto Sales', u'Feb', u'-', u'NA', u'NA', u'5.1M', u'-'
u'Mar 3', u'2:00 PM', u'Truck Sales', u'Feb', u'-', u'NA', u'NA', u'7.0M', u'-'
u'Mar 5', u'7:00 AM', u'MBA Mortgage Index', u'03/01', u'9.4%', u'NA', u'NA', u'-8.5%', u'-'
u'Mar 5', u'8:15 AM', u'ADP Employment Change', u'Feb', u'139K', u'150K', u'150K', u'127K', u'175K'
u'Mar 5', u'10:00 AM', u'ISM Services', u'Feb', u'51.6', u'53.5', u'53.5', u'54.0', u'-'
u'Mar 5', u'10:30 AM', u'Crude Inventories', u'03/01', u'1.429M', u'NA', u'NA', u'0.068M', u'-'
u'Mar 5', u'2:00 PM', u"Fed's Beige Book", u'Mar', u'-', u'NA', u'NA', u'NA', u'-'
u'Mar 6', u'7:30 AM', u'Challenger Job Cuts', u'Feb', u'-24.4%', u'NA', u'NA', u'47.3%', u'-'
u'Mar 6', u'8:30 AM', u'Initial Claims', u'03/01', u'323K', u'335K', u'338K', u'349K', u'348K'
u'Mar 6', u'8:30 AM', u'Continuing Claims', u'02/22', u'2907K', u'2975K', u'2973K', u'2915K', u'2964K'
u'Mar 6', u'8:30 AM', None, u'Q4', u'1.8%', u'2.5%', u'2.5%', u'3.2%', u'-'
u'Mar 6', u'8:30 AM', u'Unit Labor Costs - Rev', u'Q4', u'-0.1%', u'-0.8%', u'-0.7%', u'-2.0%', u'-1.6%'
u'Mar 6', u'10:00 AM', u'Factory Orders', u'Jan', u'-0.7%', u'-0.3%', u'-0.5%', u'-2.0%', u'-1.5%'
u'Mar 6', u'10:30 AM', u'Natural Gas Inventories', u'03/01', u'-152 bcf', u'NA', u'NA', u'-95 bcf', u'-'
u'Mar 7', u'8:30 AM', u'Nonfarm Payrolls', u'Feb', u'175K', u'165K', u'163K', u'129K', u'113K'
u'Mar 7', u'8:30 AM', u'Nonfarm Private Payrolls', u'Feb', u'162K', u'175K', u'170K', u'145K', u'142K'
u'Mar 7', u'8:30 AM', u'Unemployment Rate', u'Feb', u'6.7%', u'6.5%', u'6.6%', u'6.6%', u'-'
u'Mar 7', u'8:30 AM', u'Hourly Earnings', u'Feb', u'0.4%', u'0.1%', u'0.2%', u'0.2%', u'-'
u'Mar 7', u'8:30 AM', u'Average Workweek', u'Feb', u'34.2', u'34.5', u'34.4', u'34.3', u'34.4'
u'Mar 7', u'8:30 AM', u'Trade Balance', u'Jan', u'-$39.1B', u'-$37.0B', u'-$37.3B', u'-$39.0B', u'-$38.7B'
u'Mar 7', u'3:00 PM', u'Consumer Credit', u'Jan', u'$13.7B', u'$9.0B', u'$11.8B', u'$18.8B', u'-'
u'Mar 11', u'10:00 AM', u'Wholesale Inventories', u'Jan', u'0.6%', u'0.3%', u'0.4%', u'0.4%', u'0.3%'
u'Mar 11', u'10:00 AM', u'JOLTS - Job Openings', u'Jan', u'3.974M', u'NA', u'NA', u'3.914M', u'3.990M'
u'Mar 12', u'7:00 AM', u'MBA Mortgage Index', u'03/08', u'-2.1%', u'NA', u'NA', u'9.4%', u'-'
u'Mar 12', u'10:30 AM', u'Crude Inventories', u'03/08', u'6.18M', u'NA', u'NA', u'1.429M', u'-'
u'Mar 12', u'2:00 PM', u'Treasury Budget', u'Feb', u'-', u'-$195B', u'-$195B', u'-$203.5B', u'-'
u'Mar 13', u'8:30 AM', u'Initial Claims', u'03/08', u'315K', u'335K', u'329K', u'324K', u'323K'
u'Mar 13', u'8:30 AM', u'Continuing Claims', u'03/01', u'2855K', u'2950K', u'2925K', u'2903K', u'2907K'
u'Mar 13', u'8:30 AM', u'Retail Sales', u'Feb', u'0.3%', u'0.2%', u'0.2%', u'-0.6%', u'-0.4%'
u'Mar 13', u'8:30 AM', None, u'Feb', u'0.3%', u'0.2%', u'0.2%', u'-0.3%', u'0.0%'
u'Mar 13', u'8:30 AM', None, u'Feb', u'0.6%', u'NA', u'NA', u'0.2%', u'-'
u'Mar 13', u'8:30 AM', None, u'Feb', u'-0.2%', u'NA', u'NA', u'0.3%', u'-'
u'Mar 13', u'10:00 AM', u'Business Inventories', u'Jan', u'0.4%', u'0.3%', u'0.3%', u'0.5%', u'-'
u'Mar 13', u'10:30 AM', u'Natural Gas Inventories', u'03/08', u'-195 bcf', u'NA', u'NA', u'-152 bcf', u'-'
u'Mar 13', u'2:00 PM', u'Treasury Budget', u'Feb', u'-$193.5B', u'-$195B', u'-$195B', u'-$203.5B', u'-'
u'Mar 14', u'8:30 AM', u'PPI', u'Feb', u'-0.1%', u'0.2%', u'0.2%', u'0.2%', u'-'
u'Mar 14', u'8:30 AM', None, u'Feb', u'-0.2%', u'0.1%', u'0.1%', u'0.2%', u'-'
u'Mar 14', u'9:55 AM', u'Mich Sentiment', u'Mar', u'79.9', u'81.6', u'82.0', u'81.6', u'-'
u'Mar 17', u'8:30 AM', u'Empire Manufacturing', u'Mar', u'5.6', u'2.0', u'5.4', u'4.5', u'-'
u'Mar 17', u'9:00 AM', u'Net Long-Term TIC Flows', u'Jan', u'-', u'NA', u'NA', u'-$45.9B', u'-'
u'Mar 17', u'9:15 AM', u'Capacity Utilization', u'Feb', u'-', u'NA', u'NA', u'78.5%', u'-'
u'Mar 17', u'9:15 AM', u'Industrial Production', u'Feb', u'0.6%', u'-0.1%', u'0.1%', u'-0.2%', u'-0.3%'
u'Mar 17', u'9:15 AM', u'Capacity Utilization', u'Feb', u'78.8%', u'78.4%', u'78.5%', u'78.5%', u'-'
u'Mar 17', u'10:00 AM', u'NAHB Housing Market Index', u'Mar', u'47', u'50', u'50', u'46', u'-'
u'Mar 18', u'8:30 AM', u'Housing Starts', u'Feb', u'907K', u'875K', u'915K', u'909K', u'880K'
u'Mar 18', u'8:30 AM', u'Building Permits', u'Feb', u'1018K', u'945K', u'955K', u'945K', u'937K'
u'Mar 18', u'8:30 AM', u'CPI', u'Feb', u'0.1%', u'0.2%', u'0.2%', u'0.1%', u'-'
u'Mar 18', u'8:30 AM', None, u'Feb', u'0.1%', u'0.1%', u'0.1%', u'0.1%', u'-'
u'Mar 18', u'9:00 AM', u'Net Long-Term TIC Flows', u'Jan', u'$7.3B', u'NA', u'NA', u'-$45.9B', u'-'
u'Mar 19', u'7:00 AM', u'MBA Mortgage Index', u'03/15', u'-1.2%', u'NA', u'NA', u'-2.1%', u'-'
u'Mar 19', u'8:30 AM', u'Current Account Balance', u'Q4', u'-$81.1B', u'-$88.0B', u'-$87.6B', u'-$96.4B', u'-$94.8B'
u'Mar 19', u'10:30 AM', u'Crude Inventories', u'03/15', u'5.850M', u'NA', u'NA', u'6.180M', u'-'
u'Mar 19', u'2:00 PM', u'FOMC Rate Decision', u'Mar', u'0.25%', u'0.25%', u'0.25%', u'0.25%', u'-'
u'Mar 20', u'8:30 AM', u'Initial Claims', u'03/15', u'320K', u'330K', u'330K', u'315K', u'-'
u'Mar 20', u'8:30 AM', u'Continuing Claims', u'03/08', u'2889K', u'2900K', u'2883K', u'2848K', u'2855K'
u'Mar 20', u'10:00 AM', u'Existing Home Sales', u'Feb', u'4.60M', u'4.55M', u'4.60M', u'4.62M', u'-'
u'Mar 20', u'10:00 AM', u'Philadelphia Fed', u'Mar', u'9.0', u'2.0', u'2.0', u'-6.3', u'-'
u'Mar 20', u'10:00 AM', u'Leading Indicators', u'Feb', u'0.5%', u'0.2%', u'0.3%', u'0.1%', u'0.3%'
u'Mar 20', u'10:30 AM', u'Natural Gas Inventories', u'03/15', u'-48 bcf', u'NA', u'NA', u'-195 bcf', u'-'
u'Mar 25', u'9:00 AM', u'Case-Shiller 20-city Index', u'Jan', u'13.2%', u'13.5%', u'13.3%', u'13.4%', u'-'
u'Mar 25', u'9:00 AM', u'FHFA Housing Price Index', u'Jan', u'0.5%', u'NA', u'NA', u'0.7%', u'0.8%'
u'Mar 25', u'10:00 AM', u'Consumer Confidence', u'Mar', u'82.3', u'77.8', u'78.2', u'78.3', u'78.1'
u'Mar 25', u'10:00 AM', u'New Home Sales', u'Feb', u'440K', u'430K', u'445K', u'455K', u'468K'
u'Mar 26', u'7:00 AM', u'MBA Mortgage Index', u'03/22', u'-3.5%', u'NA', u'NA', u'-1.2%', u'-'
u'Mar 26', u'8:30 AM', u'Durable Orders', u'Feb', u'2.2%', u'1.0%', u'1.0%', u'-1.3%', u'-1.0%'
u'Mar 26', u'8:30 AM', u'Durable Goods -ex transportation', u'Feb', u'0.2%', u'0.3%', u'0.3%', u'0.9%', u'1.1%'
u'Mar 26', u'10:30 AM', u'Crude Inventories', u'03/22', u'6.619M', u'NA', u'NA', u'5.850M', u'-'
u'Mar 27', u'8:30 AM', u'Initial Claims', u'03/22', u'311K', u'330K', u'330K', u'321K', u'320K'
u'Mar 27', u'8:30 AM', u'Continuing Claims', u'03/15', u'2823K', u'2900K', u'2900K', u'2876K', u'2889K'
u'Mar 27', u'8:30 AM', None, u'Q4', u'2.6%', u'2.6%', u'2.6%', u'2.4%', u'-'
u'Mar 27', u'8:30 AM', None, u'Q4', u'1.6%', u'1.6%', u'1.6%', u'1.6%', u'-'
u'Mar 27', u'10:00 AM', u'Pending Home Sales', u'Feb', u'-0.8%', u'-0.2%', u'-0.2%', u'-0.2%', u'0.1%'
u'Mar 27', u'10:30 AM', u'Natural Gas Inventories', u'03/22', u'-57 bcf', u'NA', u'NA', u'-48 bcf', u'-'
u'Mar 28', u'8:30 AM', u'Personal Income', u'Feb', u'0.3%', u'0.0%', u'0.2%', u'0.3%', u'-'
u'Mar 28', u'8:30 AM', u'Personal Spending', u'Feb', u'0.3%', u'0.2%', u'0.3%', u'0.2%', u'0.4%'
u'Mar 28', u'8:30 AM', None, u'Feb', u'0.1%', u'0.1%', u'0.1%', u'0.1%', u'-'
u'Mar 28', u'9:55 AM', None, u'Mar', u'80.0', u'79.5', u'80.0', u'79.9', u'-'
u'Mar 31', u'9:45 AM', u'Chicago PMI', u'Mar', u'55.9', u'60.0', u'60.1', u'59.8', u'-'
u'Apr 1', u'10:00 AM', u'ISM Index', u'Mar', u'53.7', u'54.2', u'54.0', u'53.2', u'-'
u'Apr 1', u'10:00 AM', u'Construction Spending', u'Feb', u'0.1%', u'0.0%', u'0.1%', u'-0.2%', u'0.1%'
u'Apr 1', u'2:00 PM', u'Auto Sales', u'Mar', u'-', u'NA', u'NA', u'5.2M', u'-'
u'Apr 1', u'2:00 PM', u'Truck Sales', u'Mar', u'-', u'NA', u'NA', u'7.0M', u'-'
u'Apr 2', u'7:00 AM', u'MBA Mortgage Index', u'03/29', u'-1.2%', u'NA', u'NA', u'-3.5%', u'-'
u'Apr 2', u'8:15 AM', u'ADP Employment Change', u'Mar', u'191K', u'215K', u'215K', u'178K', u'139K'
u'Apr 2', u'10:00 AM', u'Factory Orders', u'Feb', u'1.6%', u'1.1%', u'1.1%', u'-1.0%', u'-0.7%'
u'Apr 2', u'10:30 AM', u'Crude Inventories', u'03/29', u'-2.379M', u'NA', u'NA', u'6.619M', u'-'
u'Apr 3', u'7:30 AM', u'Challenger Job Cuts', u'Mar', u'-30.2%', u'NA', u'NA', u'-24.4%', u'-'
u'Apr 3', u'8:30 AM', u'Initial Claims', u'03/29', u'326K', u'320K', u'320K', u'310K', u'311K'
u'Apr 3', u'8:30 AM', u'Continuing Claims', u'03/22', u'2836K', u'2850K', u'2850K', u'2814K', u'2823K'
u'Apr 3', u'8:30 AM', u'Trade Balance', u'Feb', u'-$42.3B', u'-$40.5B', u'-$39.3B', u'-$39.3B', u'-$39.1B'
u'Apr 3', u'10:00 AM', u'ISM Services', u'Mar', u'53.1', u'53.0', u'53.5', u'51.6', u'-'
u'Apr 3', u'10:30 AM', u'Natural Gas Inventories', u'03/29', u'-74 bcf', u'NA', u'NA', u'-57 bcf', u'-'
u'Apr 4', u'8:30 AM', u'Nonfarm Payrolls', u'Mar', u'192K', u'185K', u'195K', u'197K', u'175K'
u'Apr 4', u'8:30 AM', u'Nonfarm Private Payrolls', u'Mar', u'192K', u'195K', u'205K', u'188K', u'162K'
u'Apr 4', u'8:30 AM', u'Unemployment Rate', u'Mar', u'6.7%', u'6.6%', u'6.6%', u'6.7%', u'-'
u'Apr 4', u'8:30 AM', u'Hourly Earnings', u'Mar', u'0.0%', u'0.2%', u'0.2%', u'0.4%', u'-'
u'Apr 4', u'8:30 AM', u'Average Workweek', u'Mar', u'34.5', u'34.5', u'34.4', u'34.3', u'34.2'
u'Apr 7', u'3:00 PM', u'Consumer Credit', u'Feb', u'$16.5B', u'$13.5B', u'$14.3B', u'$13.8B', u'$13.7B'
u'Apr 8', u'10:00 AM', u'JOLTS - Job Openings', u'Feb', u'4.173M', u'NA', u'NA', u'3.874M', u'3.974M'
u'Apr 9', u'7:00 AM', u'MBA Mortgage Index', u'04/05', u'-1.6%', u'NA', u'NA', u'-1.2%', u'-'
u'Apr 9', u'10:00 AM', u'Wholesale Inventories', u'Feb', u'0.5%', u'0.6%', u'0.5%', u'0.8%', u'0.6%'
u'Apr 9', u'10:30 AM', u'Crude Inventories', u'04/05', u'4.030M', u'NA', u'NA', u'-2.379M', u'-'
u'Apr 9', u'2:00 PM', u'FOMC Minutes', u'3/19', u'-', u'-', u'-', u'-', u'-'
u'Apr 10', u'8:30 AM', u'Initial Claims', u'04/05', u'300K', u'325K', u'325K', u'332K', u'326K'
u'Apr 10', u'8:30 AM', u'Continuing Claims', u'03/29', u'2776K', u'2850K', u'2843K', u'2838K', u'2836K'
u'Apr 10', u'8:30 AM', None, u'Mar', u'0.5%', u'NA', u'NA', u'0.6%', u'-'
u'Apr 10', u'8:30 AM', None, u'Mar', u'0.3%', u'NA', u'NA', u'-0.1%', u'-0.2%'
u'Apr 10', u'10:30 AM', u'Natural Gas Inventories', u'04/05', u'4 bcf', u'NA', u'NA', u'-74 bcf', u'-'
u'Apr 10', u'2:00 PM', u'Treasury Budget', u'Mar', u'-$36.9B', u'-$36.0B', u'-$36.0B', u'-$106.5B', u'-'
u'Apr 11', u'8:30 AM', u'PPI', u'Mar', u'0.5%', u'0.1%', u'0.1%', u'-0.1%', u'-'
u'Apr 11', u'8:30 AM', None, u'Mar', u'0.6%', u'0.1%', u'0.1%', u'-0.2%', u'-'
u'Apr 11', u'9:55 AM', u'Mich Sentiment', u'Apr', u'82.6', u'81.0', u'81.0', u'80.0', u'-'
u'Apr 14', u'8:30 AM', u'Retail Sales', u'Mar', u'1.1%', u'1.2%', u'1.0%', u'0.7%', u'0.3%'
u'Apr 14', u'8:30 AM', None, u'Mar', u'0.7%', u'0.7%', u'0.5%', u'0.3%', u'-'
u'Apr 14', u'10:00 AM', u'Business Inventories', u'Feb', u'0.4%', u'0.6%', u'0.6%', u'0.4%', u'-'
u'Apr 15', u'8:30 AM', u'CPI', u'Mar', u'0.2%', u'0.1%', u'0.1%', u'0.1%', u'-'
u'Apr 15', u'8:30 AM', None, u'Mar', u'0.2%', u'0.1%', u'0.1%', u'0.1%', u'-'
u'Apr 15', u'8:30 AM', u'Empire Manufacturing', u'Apr', u'1.3', u'7.5', u'7.5', u'5.6', u'-'
u'Apr 15', u'9:00 AM', u'Net Long-Term TIC Flows', u'Feb', u'$85.7B', u'NA', u'NA', u'$7.7B', u'$7.3B'
u'Apr 15', u'10:00 AM', u'NAHB Housing Market Index', u'Apr', u'47', u'51', u'50', u'46', u'47'
u'Apr 16', u'7:00 AM', u'MBA Mortgage Index', u'04/12', u'4.3%', u'NA', u'NA', u'-1.6%', u'-'
u'Apr 16', u'8:30 AM', u'Housing Starts', u'Mar', u'946K', u'910K', u'955K', u'920K', u'907K'
u'Apr 16', u'8:30 AM', u'Building Permits', u'Mar', u'990K', u'980K', u'1003K', u'1014K', u'1018K'
u'Apr 16', u'9:15 AM', u'Industrial Production', u'Mar', u'0.7%', u'0.7%', u'0.5%', u'1.2%', u'0.6%'
u'Apr 16', u'9:15 AM', u'Capacity Utilization', u'Mar', u'79.2%', u'78.9%', u'78.8%', u'78.4%', u'78.4%'
u'Apr 16', u'10:30 AM', u'Crude Inventories', u'04/12', u'10.013M', u'NA', u'NA', u'4.030M', u'-'
u'Apr 16', u'2:00 PM', u"Fed's Beige Book", u'Apr', u'-', u'NA', u'NA', u'NA', u'-'
u'Apr 17', u'8:30 AM', u'Initial Claims', u'04/12', u'304K', u'320K', u'312K', u'302K', u'300K'
u'Apr 17', u'8:30 AM', u'Continuing Claims', u'04/05', u'2739K', u'2800K', u'2800K', u'2750K', u'2776K'
u'Apr 17', u'10:00 AM', u'Philadelphia Fed', u'Apr', u'16.6', u'9.0', u'8.6', u'9.0', u'-'
u'Apr 17', u'10:30 AM', u'Natural Gas Inventories', u'04/12', u'24 bcf', u'NA', u'NA', u'4 bcf', u'-'
u'Apr 21', u'10:00 AM', u'Leading Indicators', u'Mar', u'0.8%', u'0.7%', u'0.8%', u'0.5%', u'-'
u'Apr 22', u'9:00 AM', u'FHFA Housing Price Index', u'Feb', u'0.6%', u'NA', u'NA', u'0.4%', u'0.5%'
u'Apr 22', u'10:00 AM', u'Existing Home Sales', u'Mar', u'4.59M', u'4.55M', u'4.60M', u'4.60M', u'-'
u'Apr 23', u'7:00 AM', u'MBA Mortgage Index', u'04/19', u'-3.3%', u'NA', u'NA', u'4.3%', u'-'
u'Apr 23', u'10:00 AM', u'New Home Sales', u'Mar', u'384K', u'430K', u'455K', u'449K', u'440K'
u'Apr 23', u'10:30 AM', u'Crude Inventories', u'04/19', u'3.524M', u'NA', u'NA', u'10.013M', u'-'
u'Apr 24', u'8:30 AM', u'Initial Claims', u'04/19', u'329K', u'315K', u'312K', u'305K', u'304K'
u'Apr 24', u'8:30 AM', u'Continuing Claims', u'04/12', u'2680K', u'2750K', u'2750K', u'2741K', u'2739K'
u'Apr 24', u'8:30 AM', u'Durable Orders', u'Mar', u'2.6%', u'2.0%', u'2.0%', u'2.1%', u'2.2%'
u'Apr 24', u'8:30 AM', u'Durable Goods -ex transportation', u'Mar', u'2.0%', u'0.7%', u'0.5%', u'0.1%', u'0.2%'
u'Apr 24', u'10:30 AM', u'Natural Gas Inventories', u'04/19', u'49 bcf', u'NA', u'NA', u'24 bcf', u'-'
u'Apr 25', u'9:55 AM', None, u'Apr', u'84.1', u'81.5', u'82.6', u'82.6', u'-'
u'Apr 28', u'10:00 AM', u'Pending Home Sales', u'Mar', u'3.4%', u'0.0%', u'1.0%', u'-0.5%', u'-0.8%'
u'Apr 29', u'9:00 AM', u'Case-Shiller 20-city Index', u'Feb', u'12.9%', u'13.0%', u'13.0%', u'13.2%', u'-'
u'Apr 29', u'10:00 AM', u'Consumer Confidence', u'Apr', u'82.3', u'83.5', u'83.6', u'83.9', u'82.3'
u'Apr 30', u'7:00 AM', u'MBA Mortgage Index', u'04/26', u'-5.9%', u'NA', u'NA', u'-3.3%', u'-'
u'Apr 30', u'8:15 AM', u'ADP Employment Change', u'Apr', u'220K', u'215K', u'215K', u'209K', u'191K'
u'Apr 30', u'8:30 AM', None, u'Q1', u'0.1%', u'-0.7%', u'1.0%', u'2.6%', u'-'
u'Apr 30', u'8:30 AM', u'Chain Deflator-Adv.', u'Q1', u'1.3%', u'2.2%', u'1.8%', u'1.6%', u'-'
u'Apr 30', u'8:30 AM', u'Employment Cost Index', u'Q1', u'0.3%', u'1.5%', u'0.5%', u'0.5%', u'-'
u'Apr 30', u'9:45 AM', u'Chicago PMI', u'Apr', u'63.0', u'56.5', u'56.5', u'55.9', u'-'
u'Apr 30', u'10:30 AM', u'Crude Inventories', u'04/26', u'1.698M', u'NA', u'NA', u'3.524M', u'-'
u'Apr 30', u'2:00 PM', u'FOMC Rate Decision', u'Apr', u'0.25%', u'0.25%', u'0.25%', u'0.25%', u'-'
u'May 1', u'7:30 AM', u'Challenger Job Cuts', u'Apr', u'5.7%', u'NA', u'NA', u'-30.2%', u'-'
u'May 1', u'8:30 AM', u'Initial Claims', u'04/26', u'344K', u'325K', u'315K', u'330K', u'329K'
u'May 1', u'8:30 AM', u'Continuing Claims', u'04/19', u'2771K', u'2725K', u'2725K', u'2674K', u'2680K'
u'May 1', u'8:30 AM', u'Personal Income', u'Mar', u'0.5%', u'0.5%', u'0.4%', u'0.4%', u'0.3%'
u'May 1', u'8:30 AM', u'Personal Spending', u'Mar', u'0.9%', u'0.7%', u'0.6%', u'0.5%', u'0.3%'
u'May 1', u'8:30 AM', None, u'Mar', u'0.2%', u'0.2%', u'0.2%', u'0.1%', u'-'
u'May 1', u'10:00 AM', u'ISM Index', u'Apr', u'54.9', u'54.2', u'54.5', u'53.7', u'-'
u'May 1', u'10:00 AM', u'Construction Spending', u'Mar', u'0.2%', u'0.3%', u'0.4%', u'-0.2%', u'0.1%'
u'May 1', u'10:30 AM', u'Natural Gas Inventories', u'04/26', u'82 bcf', u'NA', u'NA', u'49 bcf', u'-'
u'May 1', u'2:00 PM', u'Auto Sales', u'Apr', u'-', u'NA', u'NA', u'5.5M', u'-'
u'May 1', u'2:00 PM', u'Truck Sales', u'Apr', u'-', u'NA', u'NA', u'7.6M', u'-'
u'May 2', u'8:30 AM', u'Nonfarm Payrolls', u'Apr', u'288K', u'200K', u'210K', u'203K', u'192K'
u'May 2', u'8:30 AM', u'Nonfarm Private Payrolls', u'Apr', u'273K', u'205K', u'205K', u'202K', u'192K'
u'May 2', u'8:30 AM', u'Unemployment Rate', u'Apr', u'6.3%', u'6.6%', u'6.6%', u'6.7%', u'-'
u'May 2', u'8:30 AM', u'Hourly Earnings', u'Apr', u'0.0%', u'0.2%', u'0.2%', u'0.1%', u'0.0%'
u'May 2', u'8:30 AM', u'Average Workweek', u'Apr', u'34.5', u'34.5', u'34.5', u'34.5', u'-'
u'May 2', u'10:00 AM', u'Factory Orders', u'Mar', u'1.1%', u'1.5%', u'1.6%', u'1.5%', u'1.6%'
u'May 5', u'10:00 AM', u'ISM Services', u'Apr', u'55.2', u'54.0', u'54.0', u'53.1', u'-'
u'May 6', u'8:30 AM', u'Trade Balance', u'Mar', u'-$40.4B', u'-$42.5B', u'-$40.6B', u'-$41.9B', u'-$42.3B'
u'May 7', u'7:00 AM', u'MBA Mortgage Index', u'05/03', u'5.3%', u'NA', u'NA', u'-5.9%', u'-'
u'May 7', u'8:30 AM', None, u'Q1', u'-1.7%', u'-1.2%', u'-1.2%', u'2.3%', u'1.8%'
u'May 7', u'8:30 AM', u'Unit Labor Costs', u'Q1', u'4.2%', u'2.5%', u'2.5%', u'-0.4%', u'-0.1%'
u'May 7', u'10:30 AM', u'Crude Inventories', u'05/03', u'-1.781M', u'NA', u'NA', u'1.698M', u'-'
u'May 7', u'3:00 PM', u'Consumer Credit', u'Mar', u'$17.5B', u'$16.0B', u'$16.1B', u'$13.0', u'$16.5B'
u'May 8', u'8:30 AM', u'Initial Claims', u'05/03', u'319K', u'325K', u'325K', u'345K', u'344K'
u'May 8', u'8:30 AM', u'Continuing Claims', u'04/26', u'2685K', u'2750K', u'2750K', u'2761K', u'2771K'
u'May 8', u'10:30 AM', u'Natural Gas Inventories', u'05/03', u'74 bcf', u'NA', u'NA', u'82 bcf', u'-'
u'May 9', u'10:00 AM', u'Wholesale Inventories', u'Mar', u'1.1%', u'1.1%', u'1.0%', u'0.7%', u'0.5%'
u'May 9', u'10:00 AM', u'JOLTS - Job Openings', u'Mar', u'4.014M', u'NA', u'NA', u'4.125M', u'4.173M'
u'May 12', u'2:00 PM', u'Treasury Budget', u'Apr', u'+106.9B', u'+$114.0B', u'+$114.0B', u'+$112.9B', u'-'
u'May 13', u'8:30 AM', u'Retail Sales', u'Apr', u'0.1%', u'0.0%', u'0.3%', u'1.5%', u'1.2%'
u'May 13', u'8:30 AM', None, u'Apr', u'0.0%', u'0.2%', u'0.6%', u'1.0%', u'0.7%'
u'May 13', u'8:30 AM', None, u'Apr', u'-1.2%', u'NA', u'NA', u'0.8%', u'0.5%'
u'May 13', u'8:30 AM', None, u'Apr', u'0.0%', u'NA', u'NA', u'0.3%', u'-'
u'May 13', u'10:00 AM', u'Business Inventories', u'Mar', u'0.4%', u'0.4%', u'0.4%', u'0.5%', u'0.4%'
u'May 14', u'7:00 AM', u'MBA Mortgage Index', u'05/10', u'3.6%', u'NA', u'NA', u'5.3%', u'-'
u'May 14', u'8:30 AM', u'PPI', u'Apr', u'0.6%', u'0.2%', u'0.2%', u'0.5%', u'-'
u'May 14', u'8:30 AM', None, u'Apr', u'0.5%', u'0.2%', u'0.2%', u'0.6%', u'-'
u'May 14', u'10:30 AM', u'Crude Inventories', u'05/10', u'0.947M', u'NA', u'NA', u'-1.781M', u'-'
u'May 15', u'8:30 AM', u'Initial Claims', u'05/10', u'297K', u'325K', u'325K', u'321K', u'319K'
u'May 15', u'8:30 AM', u'Continuing Claims', u'05/03', u'2667K', u'2700K', u'2700K', u'2676K', u'2685K'
u'May 15', u'8:30 AM', u'CPI', u'Apr', u'0.3%', u'0.2%', u'0.3%', u'0.2%', u'-'
u'May 15', u'8:30 AM', None, u'Apr', u'0.2%', u'0.2%', u'0.2%', u'0.2%', u'-'
u'May 15', u'8:30 AM', u'Empire Manufacturing', u'May', u'19.0', u'5.0', u'4.8', u'1.3', u'-'
u'May 15', u'9:00 AM', u'Net Long-Term TIC Flows', u'Mar', u'$4.0B', u'NA', u'NA', u'$90.3B', u'$85.7B'
u'May 15', u'9:15 AM', u'Industrial Production', u'Apr', u'-0.6%', u'-0.2%', u'0.0%', u'0.9%', u'0.7%'
u'May 15', u'9:15 AM', u'Capacity Utilization', u'Apr', u'78.6%', u'79.0%', u'79.2%', u'79.3%', u'79.2%'
u'May 15', u'10:00 AM', u'Philadelphia Fed', u'May', u'15.4', u'10.0', u'9.1', u'16.6', u'-'
u'May 15', u'10:00 AM', u'NAHB Housing Market Index', u'May', u'45', u'48', u'48', u'46', u'47'
u'May 15', u'10:30 AM', u'Natural Gas Inventories', u'05/10', u'105 bcf', u'NA', u'NA', u'74 bcf', u'-'
u'May 16', u'8:30 AM', u'Housing Starts', u'Apr', u'1072K', u'950K', u'975K', u'947K', u'946K'
u'May 16', u'8:30 AM', u'Building Permits', u'Apr', u'1080K', u'1000K', u'1008K', u'1000K', u'990K'
u'May 16', u'9:55 AM', u'Mich Sentiment', u'May', u'81.8', u'83.5', u'84.5', u'84.1', u'-'
u'May 21', u'7:00 AM', u'MBA Mortgage Index', u'05/17', u'0.9%', u'NA', u'NA', u'3.6%', u'-'
u'May 21', u'7:00 AM', u'MBA Mortgage Purchase Index', u'05/17', u'-', u'NA', u'NA', u'NA', u'-'
u'May 21', u'10:30 AM', u'Crude Inventories', u'05/17', u'-7.226M', u'NA', u'NA', u'0.947M', u'-'
u'May 21', u'2:00 PM', u'FOMC Minutes', u'4/30', u'-', u'-', u'-', u'-', u'-'
u'May 22', u'8:30 AM', u'Initial Claims', u'05/17', u'326K', u'320K', u'305K', u'298K', u'297K'
u'May 22', u'8:30 AM', u'Continuing Claims', u'05/12', u'2653K', u'2700K', u'2700K', u'2666K', u'2667K'
u'May 22', u'10:00 AM', u'Existing Home Sales', u'Apr', u'4.65M', u'4.62M', u'4.66M', u'4.59M', u'-'
u'May 22', u'10:00 AM', u'Leading Indicators', u'Apr', u'0.4%', u'0.3%', u'0.5%', u'1.0%', u'0.8%'
u'May 22', u'10:30 AM', u'Natural Gas Inventories', u'05/17', u'106 bcf', u'NA', u'NA', u'105 bcf', u'-'
u'May 23', u'10:00 AM', u'New Home Sales', u'Apr', u'433K', u'400K', u'415K', u'407K', u'384K'
u'May 24', u'8:30 AM', u'Durable Goods -ex transportation', u'Apr', u'-', u'NA', u'NA', u'NA', u'-'
u'May 27', u'8:30 AM', u'Durable Orders', u'Apr', u'0.8%', u'-2.0%', u'-1.3%', u'3.6%', u'2.9%'
u'May 27', u'8:30 AM', u'Durable Goods -ex transportation', u'Apr', u'0.1%', u'-0.4%', u'-0.2%', u'2.9%', u'2.4%'
u'May 27', u'9:00 AM', u'Case-Shiller 20-city Index', u'Mar', u'12.4%', u'12.0%', u'11.8%', u'12.9%', u'-'
u'May 27', u'9:00 AM', u'FHFA Housing Price Index', u'Mar', u'0.7%', u'NA', u'NA', u'0.6%', u'-'
u'May 27', u'10:00 AM', u'Consumer Confidence', u'May', u'83.0', u'81.5', u'82.7', u'81.7', u'82.3'
u'May 28', u'7:00 AM', u'MBA Mortgage Index', u'05/24', u'-1.2%', u'NA', u'NA', u'0.9%', u'-'
u'May 29', u'8:30 AM', u'Initial Claims', u'05/24', u'300K', u'325K', u'318K', u'327K', u'326K'
u'May 29', u'8:30 AM', u'Continuing Claims', u'05/17', u'2631K', u'2650K', u'2650K', u'2648K', u'2653K'
u'May 29', u'8:30 AM', None, u'Q1', u'-1.0%', u'-0.5%', u'-0.5%', u'0.1%', u'-'
u'May 29', u'8:30 AM', None, u'Q1', u'1.3%', u'1.3%', u'1.3%', u'1.3%', u'-'
u'May 29', u'10:00 AM', u'Pending Home Sales', u'Apr', u'0.4%', u'1.0%', u'1.0%', u'3.4%', u'-'
u'May 29', u'10:30 AM', u'Natural Gas Inventories', u'05/24', u'114 bcf', u'NA', u'NA', u'106 bcf', u'-'
u'May 29', u'11:00 AM', u'Crude Inventories', u'05/24', u'1.657M', u'NA', u'NA', u'-7.226M', u'-'
u'May 30', u'8:30 AM', u'Personal Income', u'Apr', u'0.3%', u'0.3%', u'0.3%', u'0.5%', u'-'
u'May 30', u'8:30 AM', u'Personal Spending', u'Apr', u'-0.1%', u'0.1%', u'0.2%', u'1.0%', u'0.9%'
u'May 30', u'8:30 AM', None, u'Apr', u'0.2%', u'0.2%', u'0.2%', u'0.2%', u'-'
u'May 30', u'9:45 AM', u'Chicago PMI', u'May', u'65.5', u'60.0', u'60.3', u'63.0', u'-'
u'May 30', u'9:55 AM', None, u'May', u'81.9', u'81.0', u'81.4', u'81.8', u'-'
u'Jun 2', u'10:00 AM', u'ISM Index', u'May', u'55.4', u'56.0', u'55.6', u'54.9', u'-'
u'Jun 2', u'10:00 AM', u'Construction Spending', u'Apr', u'0.2%', u'0.6%', u'0.7%', u'0.6%', u'0.2%'
u'Jun 3', u'10:00 AM', u'Factory Orders', u'Apr', u'0.7%', u'0.6%', u'0.5%', u'1.5%', u'1.1%'
u'Jun 3', u'2:00 PM', u'Auto Sales', u'May', u'5.7M', u'NA', u'NA', u'5.3M', u'-'
u'Jun 3', u'2:00 PM', u'Truck Sales', u'May', u'7.7M', u'NA', u'NA', u'7.5M', u'-'
u'Jun 4', u'7:00 AM', u'MBA Mortgage Index', u'05/31', u'-3.1%', u'NA', u'NA', u'-1.2%', u'-'
u'Jun 4', u'8:15 AM', u'ADP Employment Change', u'May', u'179K', u'200K', u'200K', u'215K', u'220K'
u'Jun 4', u'8:30 AM', u'Trade Balance', u'Apr', u'-$47.2 bln', u'-$42.5B', u'-$41.3B', u'-$44.2B', u'-$40.4B'
u'Jun 4', u'8:30 AM', None, u'Q1', u'-3.2%', u'-2.0%', u'-2.5%', u'-1.7%', u'-'
u'Jun 4', u'8:30 AM', u'Unit Labor Costs', u'Q1', u'5.7%', u'4.7%', u'4.8%', u'4.2%', u'-'
u'Jun 4', u'10:00 AM', u'ISM Services', u'May', u'56.3', u'56.0', u'55.5', u'55.2', u'-'
u'Jun 4', u'10:30 AM', u'Crude Inventories', u'05/31', u'-3.431M', u'NA', u'NA', u'1.657M', u'-'
u'Jun 4', u'2:00 PM', u"Fed's Beige Book", u'Jun', u'-', u'-', u'-', u'-', u'-'
u'Jun 5', u'7:30 AM', u'Challenger Job Cuts', u'May', u'45.5%', u'NA', u'NA', u'5.7%', u'-'
u'Jun 5', u'8:30 AM', u'Initial Claims', u'05/31', u'312K', u'320K', u'310K', u'304K', u'300K'
u'Jun 5', u'8:30 AM', u'Continuing Claims', u'05/24', u'2603K', u'2650K', u'2650K', u'2623K', u'2631K'
u'Jun 5', u'10:30 AM', u'Natural Gas Inventories', u'05/31', u'119 bcf', u'NA', u'NA', u'114 bcf', u'-'
u'Jun 6', u'8:30 AM', u'Nonfarm Payrolls', u'May', u'217K', u'235K', u'220K', u'282K', u'288K'
u'Jun 6', u'8:30 AM', u'Nonfarm Private Payrolls', u'May', u'216K', u'240K', u'230K', u'270K', u'273K'
u'Jun 6', u'8:30 AM', u'Unemployment Rate', u'May', u'6.3%', u'6.5%', u'6.4%', u'6.3%', u'-'
u'Jun 6', u'8:30 AM', u'Hourly Earnings', u'May', u'0.2%', u'0.2%', u'0.2%', u'0.0%', u'-'
u'Jun 6', u'8:30 AM', u'Average Workweek', u'May', u'34.5', u'34.5', u'34.5', u'34.5', u'-'
u'Jun 6', u'3:00 PM', u'Consumer Credit', u'Apr', u'$26.8B', u'$15.0B', u'$15.0B', u'$19.5B', u'$17.5B'
u'Jun 10', u'10:00 AM', u'Wholesale Inventories', u'Apr', u'1.1%', u'0.2%', u'0.3%', u'1.1%', u'-'
u'Jun 10', u'10:00 AM', u'JOLTS - Job Openings', u'Apr', u'4.455M', u'NA', u'NA', u'4.166M', u'4.014M'
u'Jun 11', u'7:00 AM', u'MBA Mortgage Index', u'06/07', u'+10.3%', u'NA', u'NA', u'-3.1%', u'-'
u'Jun 11', u'10:30 AM', u'Crude Inventories', u'06/07', u'-2.596M', u'NA', u'NA', u'-3.431M', u'-'
u'Jun 11', u'2:00 PM', u'Treasury Budget', u'May', u'-$130.0B', u'NA', u'NA', u'-$138.7B', u'-'
u'Jun 12', u'8:30 AM', u'Initial Claims', u'06/07', u'317K', u'320K', u'315K', u'313K', u'312K'
u'Jun 12', u'8:30 AM', u'Continuing Claims', u'05/31', u'2614K', u'2625K', u'2638K', u'2603K', u'--'
u'Jun 12', u'8:30 AM', u'Retail Sales', u'May', u'0.3%', u'1.3%', u'0.7%', u'0.5%', u'0.1%'
u'Jun 12', u'8:30 AM', None, u'May', u'0.1%', u'0.5%', u'0.4%', u'0.4%', u'0.0%'
u'Jun 12', u'8:30 AM', None, u'May', u'0.1%', u'NA', u'NA', u'-1.4%', u'-1.2%'
u'Jun 12', u'8:30 AM', None, u'May', u'0.0%', u'NA', u'NA', u'0.1%', u'0.0%'
u'Jun 12', u'10:00 AM', u'Business Inventories', u'Apr', u'0.6%', u'0.3%', u'0.4%', u'0.4%', u'--'
u'Jun 12', u'10:30 AM', u'Natural Gas Inventories', u'06/07', u'107 bcf', u'NA', u'NA', u'119 bcf', u'-'
u'Jun 13', u'8:30 AM', u'PPI', u'May', u'-0.2%', u'0.2%', u'0.2%', u'0.6%', u'--'
u'Jun 13', u'8:30 AM', None, u'May', u'-0.1%', u'0.2%', u'0.1%', u'0.5%', u'--'
u'Jun 13', u'9:55 AM', u'Mich Sentiment', u'Jun', u'81.2', u'82.5', u'82.9', u'81.9', u'-'
u'Jun 16', u'8:30 AM', u'Empire Manufacturing', u'Jun', u'19.3', u'14.0', u'12.8', u'19.0', u'-'
u'Jun 16', u'9:00 AM', u'Net Long-Term TIC Flows', u'Apr', u'-$24.2B', u'NA', u'NA', u'$4.1B', u'$4.0B'
u'Jun 16', u'9:15 AM', u'Industrial Production', u'May', u'0.6%', u'0.7%', u'0.5%', u'-0.3%', u'-0.6%'
u'Jun 16', u'9:15 AM', u'Capacity Utilization', u'May', u'79.1%', u'79.0%', u'78.9%', u'78.9%', u'78.6%'
u'Jun 16', u'10:00 AM', u'NAHB Housing Market Index', u'Jun', u'49', u'46', u'46', u'45', u'-'
u'Jun 17', u'8:30 AM', u'Housing Starts', u'May', u'1001K', u'1000K', u'1028K', u'1071K', u'1072K'
u'Jun 17', u'8:30 AM', u'Building Permits', u'May', u'991K', u'1060K', u'1050K', u'1059K', u'1080K'
u'Jun 17', u'8:30 AM', u'CPI', u'May', u'0.4%', u'0.2%', u'0.2%', u'0.3%', u'-'
u'Jun 17', u'8:30 AM', None, u'May', u'0.3%', u'0.1%', u'0.2%', u'0.2%', u'-'
u'Jun 18', u'7:00 AM', u'MBA Mortgage Index', u'06/14', u'-9.2%', u'NA', u'NA', u'+10.3%', u'-'
u'Jun 18', u'8:30 AM', u'Current Account Balance', u'Q1', u'-$111.2B', u'-$98.5B', u'-$97.8B', u'-$87.3B', u'-$81.1B'
u'Jun 18', u'10:30 AM', u'Crude Inventories', u'06/14', u'-0.579M', u'NA', u'NA', u'-2.596M', u'-'
u'Jun 18', u'2:00 PM', u'FOMC Rate Decision', u'Jun', u'0.25%', u'NA', u'NA', u'0.25%', u'-'
u'Jun 19', u'8:30 AM', u'Initial Claims', u'06/14', u'312K', u'310K', u'313K', u'318K', u'317K'
u'Jun 19', u'8:30 AM', u'Continuing Claims', u'06/07', u'2561K', u'2625K', u'2638K', u'2615K', u'2614K'
u'Jun 19', u'10:00 AM', u'Philadelphia Fed', u'Jun', u'17.8', u'13.0', u'13.4', u'15.4', u'-'
u'Jun 19', u'10:00 AM', u'Leading Indicators', u'May', u'0.5%', u'0.5%', u'0.5%', u'0.3%', u'0.4%'
u'Jun 19', u'10:30 AM', u'Natural Gas Inventories', u'06/14', u'113 bcf', u'NA', u'NA', u'107 bcf', u'-'
u'Jun 23', u'10:00 AM', u'Existing Home Sales', u'May', u'4.89M', u'4.70M', u'4.80M', u'4.66M', u'4.65M'
u'Jun 24', u'9:00 AM', u'Case-Shiller 20-city Index', u'Apr', u'10.8%', u'12.0%', u'11.6%', u'12.4%', u'-'
u'Jun 24', u'9:00 AM', u'FHFA Housing Price Index', u'Apr', u'0.0%', u'NA', u'NA', u'0.7%', u'-'
u'Jun 24', u'10:00 AM', u'New Home Sales', u'May', u'504K', u'425K', u'440K', u'425K', u'433K'
u'Jun 24', u'10:00 AM', u'Consumer Confidence', u'Jun', u'85.2', u'83.5', u'84.0', u'82.2', u'83.0'
u'Jun 25', u'7:00 AM', u'MBA Mortgage Index', u'06/21', u'-1.0%', u'NA', u'NA', u'-9.2%', u'-'
u'Jun 25', u'8:30 AM', u'Durable Orders', u'May', u'-1.0%', u'0.5%', u'0.4%', u'0.8%', u'0.6%'
u'Jun 25', u'8:30 AM', u'Durable Goods -ex transportation', u'May', u'-0.1%', u'0.5%', u'0.4%', u'0.4%', u'0.3%'
u'Jun 25', u'8:30 AM', None, u'Q1', u'-2.9%', u'-1.8%', u'-1.8%', u'-1.0%', u'-'
u'Jun 25', u'8:30 AM', None, u'Q1', u'1.3%', u'1.3%', u'1.3%', u'1.3%', u'-'
u'Jun 25', u'10:30 AM', u'Crude Inventories', u'06/21', u'1.742M', u'NA', u'NA', u'-0.579M', u'-'
u'Jun 26', u'8:30 AM', u'Initial Claims', u'06/21', u'312K', u'315K', u'310K', u'314K', u'312K'
u'Jun 26', u'8:30 AM', u'Continuing Claims', u'06/14', u'2571K', u'2575K', u'2588K', u'2559K', u'2561K'
u'Jun 26', u'8:30 AM', u'Personal Income', u'May', u'0.4%', u'0.4%', u'0.4%', u'0.3%', u'-'
u'Jun 26', u'8:30 AM', u'Personal Spending', u'May', u'0.2%', u'0.3%', u'0.4%', u'0.0%', u'-0.1%'
u'Jun 26', u'8:30 AM', None, u'May', u'0.2%', u'0.2%', u'0.2%', u'0.2%', u'-'
u'Jun 26', u'10:30 AM', u'Natural Gas Inventories', u'06/21', u'110 bcf', u'NA', u'NA', u'113 bcf', u'-'
u'Jun 27', u'9:55 AM', None, u'Jun', u'82.5', u'82.5', u'81.7', u'81.2', u'-'
u'Jun 30', u'9:45 AM', u'Chicago PMI', u'Jun', u'62.6', u'60.0', u'61.0', u'65.5', u'-'
u'Jun 30', u'10:00 AM', u'Pending Home Sales', u'May', u'6.1%', u'0.5%', u'1.5%', u'0.5%', u'0.4%'
u'Jul 1', u'10:00 AM', u'Construction Spending', u'May', u'-', u'NA', u'NA', u'0.2%', u'-'
u'Jul 1', u'10:00 AM', u'ISM Index', u'Jun', u'55.3', u'56.0', u'55.8', u'55.4', u'-'
u'Jul 1', u'10:00 AM', u'Construction Spending', u'May', u'0.1%', u'0.3%', u'0.4%', u'0.8%', u'0.2%'
u'Jul 1', u'2:00 PM', u'Auto Sales', u'Jun', u'-', u'NA', u'NA', u'5.7M', u'-'
u'Jul 1', u'2:00 PM', u'Truck Sales', u'Jun', u'-', u'NA', u'NA', u'7.7M', u'-'
u'Jul 2', u'7:00 AM', u'MBA Mortgage Index', u'06/28', u'-0.2%', u'NA', u'NA', u'-1.0%', u'-'
u'Jul 2', u'7:30 AM', u'Challenger Job Cuts', u'Jun', u'-', u'NA', u'NA', u'45.5%', u'-'
u'Jul 2', u'8:15 AM', u'ADP Employment Change', u'Jun', u'281K', u'200K', u'200K', u'179K', u'-'
u'Jul 2', u'10:00 AM', u'Factory Orders', u'May', u'-0.5%', u'-0.5%', u'-0.4%', u'0.8%', u'0.7%'
u'Jul 2', u'10:30 AM', u'Crude Inventories', u'06/28', u'-3.155M', u'NA', u'NA', u'1.742M', u'-'
u'Jul 3', u'7:30 AM', u'Challenger Job Cuts', u'Jun', u'-20.2%', u'NA', u'NA', u'45.5%', u'-'
u'Jul 3', u'8:30 AM', u'Nonfarm Payrolls', u'Jun', u'288K', u'230K', u'210K', u'224K', u'217K'
u'Jul 3', u'8:30 AM', u'Nonfarm Private Payrolls', u'Jun', u'262K', u'220K', u'213K', u'224K', u'216K'
u'Jul 3', u'8:30 AM', u'Unemployment Rate', u'Jun', u'6.1%', u'6.3%', u'6.3%', u'6.3%', u'-'
u'Jul 3', u'8:30 AM', u'Hourly Earnings', u'Jun', u'0.2%', u'0.2%', u'0.2%', u'0.2%', u'-'
u'Jul 3', u'8:30 AM', u'Average Workweek', u'Jun', u'34.5', u'34.5', u'34.5', u'34.5', u'-'
u'Jul 3', u'8:30 AM', u'Initial Claims', u'06/28', u'315K', u'315K', u'315K', u'313K', u'312K'
u'Jul 3', u'8:30 AM', u'Continuing Claims', u'06/21', u'2579K', u'2570K', u'2580K', u'2568K', u'2571K'
u'Jul 3', u'8:30 AM', u'Trade Balance', u'May', u'-$44.4B', u'-$44.5B', u'-$45.2B', u'-$47.0B', u'-$47.2B'
u'Jul 3', u'10:00 AM', u'ISM Services', u'Jun', u'56.0', u'56.5', u'56.5', u'56.3', u'-'
u'Jul 3', u'10:30 AM', u'Natural Gas Inventories', u'06/28', u'100 bcf', u'NA', u'NA', u'110 bcf', u'-'
u'Jul 8', u'10:00 AM', u'JOLTS - Job Openings', u'May', u'4.635M', u'NA', u'NA', u'4.464M', u'4.455M'
u'Jul 8', u'3:00 PM', u'Consumer Credit', u'May', u'$19.6B', u'$15.0B', u'$16.3B', u'$26.1B', u'$26.8B'
u'Jul 9', u'7:00 AM', u'MBA Mortgage Index', u'07/05', u'1.9%', u'NA', u'NA', u'-0.2%', u'-'
u'Jul 9', u'7:00 AM', u'MBA Mortgage ndex', u'07/05', u'-', u'NA', u'NA', u'-0.2%', u'-'
u'Jul 9', u'10:30 AM', u'Crude Inventories', u'07/05', u'-2.370M', u'NA', u'NA', u'-3.155M', u'-'
u'Jul 9', u'2:00 PM', u'FOMC Minutes', u'6/18', u'-', u'-', u'-', u'-', u'-'
u'Jul 10', u'8:30 AM', u'Initial Claims', u'07/05', u'304K', u'315K', u'311K', u'315K', u'-'
u'Jul 10', u'8:30 AM', u'Continuing Claims', u'6/28', u'2584K', u'2575K', u'2567K', u'2574K', u'2579K'
u'Jul 10', u'10:00 AM', u'Wholesale Inventories', u'May', u'0.5%', u'0.5%', u'0.5%', u'1.0%', u'1.1%'
u'Jul 10', u'10:30 AM', u'Natural Gas Inventories', u'07/05', u'93 bcf', u'NA', u'NA', u'100 bcf', u'-'
u'Jul 11', u'2:00 PM', u'Treasury Budget', u'Jun', u'$70.5B', u'$70.0B', u'$70.0B', u'$116.5B', u'-'
u'Jul 15', u'8:30 AM', u'Retail Sales', u'Jun', u'-', u'0.7%', u'0.7%', u'0.3%', u'-'
u'Jul 15', u'8:30 AM', None, u'Jun', u'-', u'0.6%', u'0.6%', u'0.1%', u'-'
u'Jul 15', u'8:30 AM', u'Empire Manufacturing', u'Jul', u'-', u'10.0', u'13.2', u'19.3', u'-'
u'Jul 15', u'8:30 AM', None, u'Jun', u'-', u'NA', u'NA', u'0.1%', u'-'
u'Jul 15', u'8:30 AM', None, u'Jun', u'-', u'NA', u'NA', u'0.0%', u'-'
u'Jul 15', u'10:00 AM', u'Business Inventories', u'May', u'-', u'0.5%', u'0.6%', u'0.6%', u'-'
u'Jul 16', u'7:00 AM', u'MBA Mortgage Index', u'07/12', u'-', u'NA', u'NA', u'1.9%', u'-'
u'Jul 16', u'8:30 AM', u'PPI', u'Jun', u'-', u'0.2%', u'0.2%', u'-0.2%', u'-'
u'Jul 16', u'8:30 AM', None, u'Jun', u'-', u'0.2%', u'0.2%', u'-0.1%', u'-'
u'Jul 16', u'9:00 AM', u'Net Long-Term TIC Flows', u'May', u'-', u'NA', u'NA', u'-$24.2B', u'-'
u'Jul 16', u'9:15 AM', u'Industrial Production', u'Jun', u'-', u'0.4%', u'0.4%', u'0.6%', u'-'
u'Jul 16', u'9:15 AM', u'Capacity Utilization', u'Jun', u'-', u'79.2%', u'79.2%', u'79.1%', u'-'
u'Jul 16', u'10:00 AM', u'NAHB Housing Market Index', u'Jul', u'-', u'50', u'50', u'49', u'-'
u'Jul 16', u'10:30 AM', u'Crude Inventories', u'07/12', u'-', u'NA', u'NA', u'-2.370M', u'-'
u'Jul 16', u'2:00 PM', u"Fed's Beige Book", u'Jul', u'-', u'-', u'-', u'-', u'-'
u'Jul 17', u'8:30 AM', u'Initial Claims', u'07/12', u'-', u'315K', u'311K', u'304K', u'-'
u'Jul 17', u'8:30 AM', u'Continuing Claims', u'07/05', u'-', u'2575K', u'2563K', u'2584K', u'-'
u'Jul 17', u'8:30 AM', u'Housing Starts', u'Jun', u'-', u'975K', u'1020K', u'1001K', u'-'
u'Jul 17', u'8:30 AM', u'Building Permits', u'Jun', u'-', u'1025K', u'1037K', u'991K', u'-'
u'Jul 17', u'10:00 AM', u'Philadelphia Fed', u'Jul', u'-', u'10.0', u'12.5', u'17.8', u'-'
u'Jul 17', u'10:30 AM', u'Natural Gas Inventories', u'07/12', u'-', u'NA', u'NA', u'93 bcf', u'-'
u'Jul 18', u'9:55 AM', u'Mich Sentiment', u'Jul', u'-', u'87.0', u'84.0', u'82.5', u'-'
u'Jul 18', u'10:00 AM', u'Leading Indicators', u'Jun', u'-', u'0.6%', u'0.5%', u'0.5%', u'-'